title,genre
#살아있다,드라마
10일간의 애인,멜로/로맨스
13구역,액션
13구역,SF
1923 간토대학살,다큐멘터리
1923 간토대학살 감독판,다큐멘터리
1947 보스톤,드라마
1980,드라마
1984 최동원,다큐멘터리
1987,드라마
"1991, 봄",다큐멘터리
1급기밀,드라마
1번국도,드라마
1승,드라마
"2021 스웨그 에이지 : 외쳐, 조선!",뮤지컬
"2021 스웨그 에이지 : 외쳐, 조선!",공연
2046,드라마
206: 사라지지 않는,다큐멘터리
24 시티,드라마
2차 송환,다큐멘터리
2퍼센트,드라마
3.5교시,미스터리
3.5교시,판타지
3.5교시,멜로/로맨스
30일,코미디
3일의 휴가,판타지
3일의 휴가,드라마
4DX 문유,기타
4등,드라마
4분 44초,공포(호러)
4월 이야기,멜로/로맨스
4월 이야기,드라마
5.18 힌츠페터 스토리,다큐멘터리
500일의 썸머,드라마
500일의 썸머,멜로/로맨스
5시부터 7시까지의 주희,드라마
69세,드라마
6시간 후 너는 죽는다,스릴러
6월의 뱀,미스터리
7년-그들이 없는 언론,다큐멘터리
7번방의 선물,코미디
7번방의 선물,드라마
7월7일,드라마
7월7일,멜로/로맨스
7인의 말괄량이,드라마
82년생 김지영,드라마
8월의 크리스마스,멜로/로맨스
8월의 크리스마스,드라마
8인: 최후의 결사단,액션
8인: 최후의 결사단,사극
8인의 용의자들,드라마
8인의 용의자들,미스터리
8인의 용의자들,범죄
B급 며느리,다큐멘터리
B급 청춘,드라마
B컷,범죄
B컷,액션
B컷,스릴러
CCTV,공포(호러)
CCTV,스릴러
DMZ 동물 특공대,애니메이션
F20,스릴러
K스쿨,드라마
K스쿨,뮤지컬
UFO 스케치,다큐멘터리
犬견 : 버려진 아이들,범죄
犬견 : 버려진 아이들,스릴러
가문의 영광,코미디
가문의 영광: 리턴즈,코미디
가시꽃,드라마
가을의 전설,멜로/로맨스
가치 캅시다,드라마
간신의 피,액션
간이역,드라마
간첩 리철진,코미디
간첩 리철진,드라마
간호중,SF
갇힌 여인,드라마
갈까부다,다큐멘터리
갈까부다,가족
갈까부다,멜로/로맨스
갈매기,드라마
감동주의보,멜로/로맨스
감동주의보,코미디
감쪽같은 그녀,드라마
갓길로 달리는 코뿔소,드라마
강남좀비,드라마
강다니엘: 마이 퍼레이드,공연
강다니엘: 마이 퍼레이드,다큐멘터리
강릉,범죄
강릉,액션
강변호텔,드라마
강철비,액션
강철비,드라마
강철비2 : 정상회담 확장판,드라마
강철비2 : 정상회담 확장판,액션
강철비2: 정상회담,드라마
강철비2: 정상회담,액션
같은 속옷을 입는 두 여자,드라마
개 같은 것들,드라마
개 같은 것들,스릴러
개 같은 것들,미스터리
개 같은 것들,범죄
개 같은 것들,가족
개구장이 도련님,드라마
개구장이 도련님,코미디
개를 훔치는 완벽한 방법,드라마
개를 훔치는 완벽한 방법,가족
갱,액션
갱경떡삥이,드라마
거래완료,드라마
거미줄 (악어와 악어새),드라마
거미줄 (악어와 악어새),범죄
거미집,코미디
거미집,드라마
거신: 바람의 아이,애니메이션
거인,드라마
건축학개론,멜로/로맨스
건축학개론,드라마
걷기왕,드라마
걸작,코미디
걸캅스,코미디
걸캅스,액션
검객,액션
검은 소년,드라마
검치호,액션
검치호,스릴러
게임의 법칙: 인간사냥,스릴러
겨울 이야기,드라마
겨울밤에,드라마
결백,드라마
"결혼, 하겠나?",코미디
경관의 피,범죄
경관의 피,드라마
경미의 세계,드라마
경아의 딸,드라마
경주,드라마
경주,코미디
경주,멜로/로맨스
계몽영화,드라마
계절과 계절 사이,드라마
계절과 계절 사이,멜로/로맨스
계춘할망,가족
계춘할망,드라마
고고다이노 극장판: 얼음공룡의 비밀,애니메이션
고급창녀,성인물(에로)
고려 아리랑: 천산의 디바,다큐멘터리
고령화 가족,드라마
고령화 가족,코미디
고백,드라마
고백,범죄
고봉수 감독 단편선,기타
"고산자, 대동여지도",사극
고속도로 가족,드라마
고양이 집사,다큐멘터리
고양이들의 아파트,다큐멘터리
고양이를 부탁해,드라마
곡녀,드라마
곡녀,멜로/로맨스
곤지암,공포(호러)
곤지암,스릴러
공기살인,드라마
공기인형,드라마
공기인형,판타지
공동경비구역 JSA,드라마
공동경비구역 JSA,미스터리
공동정범,다큐멘터리
공범자들,다큐멘터리
공수도,액션
공수도,코미디
공작새,드라마
공조,액션
공조2: 인터내셔날,액션
공조2: 인터내셔날,코미디
과거가 없는 남자,코미디
과거가 없는 남자,드라마
관계의 가나다에 있는 우리는,드라마
관계의 일변,드라마
광대: 소리꾼,사극
광대: 소리꾼,드라마
"광해, 왕이 된 남자",사극
"광해, 왕이 된 남자",드라마
괜찮아 괜찮아 괜찮아!,가족
괜찮아 괜찮아 괜찮아!,코미디
괜찮아 괜찮아 괜찮아!,드라마
"괜찮아, 앨리스",다큐멘터리
괴기맨숀,공포(호러)
괴담만찬,공포(호러)
괴인,드라마
교섭,드라마
교토에서 온 편지,드라마
교회오빠,다큐멘터리
구니스,어드벤처
구니스,코미디
구니스,가족
구니스,스릴러
"구라, 베토벤",기타
구르는 수레바퀴,가족
구르는 수레바퀴,드라마
구원,스릴러
구직자들,SF
구직자들,드라마
국가대표 2,드라마
국가부도의 날,드라마
국경의 남쪽,드라마
국도극장,드라마
국도극장: 감독판,드라마
국제수사,코미디
국제수사,액션
국제시장,드라마
군도: 민란의 시대,사극
군도: 민란의 시대,액션
군함도 감독판,액션
군함도 감독판,드라마
굿바이 마이 러브NK: 붉은 청춘,다큐멘터리
"굿바이, 평양",다큐멘터리
귀공자,액션
귀못,공포(호러)
귀문,미스터리
귀문,스릴러
귀문,공포(호러)
귀신,공포(호러)
귀신,코미디
귀여운 남자,코미디
귀여운 여인,드라마
귀여운 여인,코미디
귀향,드라마
귀향,판타지
귀향,드라마
"그 겨울, 나는",멜로/로맨스
그 노래,드라마
그 노래,뮤지컬
그 사람 추기경,다큐멘터리
그 여름,애니메이션
그 여름,드라마
그 여름,멜로/로맨스
그 여름 가장 조용한 바다,드라마
그 여름날의 거짓말,멜로/로맨스
그 여름날의 거짓말,미스터리
그 후,드라마
그것만이 내 세상,코미디
그것만이 내 세상,드라마
"그날, 바다",다큐멘터리
그날이 와버렸네,드라마
그날이 와버렸네,코미디
그녀가 죽었다,미스터리
그녀가 죽었다,스릴러
그녀를 믿지 마세요,코미디
그녀에게,드라마
그녀의 비밀정원,드라마
그녀의 비밀정원,멜로/로맨스
그녀의 취미생활,미스터리
그녀의 취미생활,범죄
그녀의 취미생활,드라마
그대 너머에,멜로/로맨스
그대 어이가리,드라마
그대가 조국,다큐멘터리
그대라는기억 연숙씨,다큐멘터리
그들의 씨받이,성인물(에로)
그라운드의 이방인,다큐멘터리
그랑프리,드라마
그런 일은 일어나지 않았지,드라마
그런 일은 일어나지 않았지,코미디
그럼에도 불구하고,다큐멘터리
그리고 방행자,다큐멘터리
그림자 고백,드라마
그림자 먹는 개,드라마
그림자꽃,다큐멘터리
극락도 살인사건,공포(호러)
극락도 살인사건,미스터리
극락도 살인사건,스릴러
극장판 검정고무신 : 즐거운 나의 집,애니메이션
극장판 고래와 나,다큐멘터리
극장판 미니특공대: 공룡왕 디노,애니메이션
극장판 미니특공대: 햄버거괴물의 습격,애니메이션
극장판 미니특공대: 햄버거괴물의 습격,액션
극장판 반지의 비밀일기,애니메이션
극장판 뽀로로와 친구들: 바이러스를 없애줘!,애니메이션
극장판 슈퍼윙스: 맥시멈 스피드,애니메이션
극장판 안녕 자두야: 제주도의 비밀,애니메이션
극장판 엄마 까투리: 도시로 간 까투리 가족,애니메이션
극장판 우당탕탕 은하안전단: 진정한 용기!,애니메이션
극장판 윌벤져스 : 수상한 캠핑 대소동,애니메이션
극장판 콩순이: 장난감나라 대모험,애니메이션
극장판 타오르지마 버스터-블랙어썰트의 귀환,코미디
극장판 타오르지마 버스터-블랙어썰트의 귀환,애니메이션
극장판 타오르지마 버스터-블랙어썰트의 귀환,액션
극장판 타오르지마 버스터-블랙어썰트의 귀환,어드벤처
극장판 헬로카봇 : 달나라를 구해줘!,애니메이션
극장판 헬로카봇 : 백악기 시대,애니메이션
극장판 헬로카봇: 수상한 마술단의 비밀,애니메이션
극한직업,코미디
근본주의자,코미디
근본주의자,드라마
근본주의자,가족
근본주의자,액션
기기괴괴 성형수,공포(호러)
기기괴괴 성형수,스릴러
기담,공포(호러)
기담,미스터리
기담,스릴러
기도하는 남자,드라마
기도하는 남자,가족
기도하는 남자,범죄
기묘한 가족,코미디
기묘한 가족,가족
기방도령,코미디
기방도령,사극
기생충,드라마
기억의 시간,멜로/로맨스
기억할 만한 지나침,드라마
기우제,드라마
기우제,멜로/로맨스
기적,드라마
기적의 시작,다큐멘터리
긴 하루,드라마
길,드라마
길위에 김대중,다큐멘터리
김광석,다큐멘터리
김군,다큐멘터리
김복동,다큐멘터리
김일성의 아이들,다큐멘터리
김일성의 아이들,전쟁
김종욱 찾기,멜로/로맨스
김종욱 찾기,드라마
김준수 콘서트 무비 챕터 원 : 레크리에이션,공연
깊은 밤 갑자기,공포(호러)
깊은 밤 갑자기,범죄
깊은 밤 갑자기,스릴러
까미유 끌로델,드라마
까치발,다큐멘터리
깐부(코로나방학소동),드라마
깡패와소녀,드라마
깨복쟁이,드라마
꽃손,드라마
꽃신,드라마
꿀맛,드라마
꿀맛,코미디
꿈꾸는 고양이,다큐멘터리
꿈의 제인,드라마
끝까지 간다,액션
끝까지 간다,스릴러
끝까지 간다,범죄
나는 나를 해고하지 않는다,드라마
나는 여기에 있다,범죄
나는 여기에 있다,액션
나는 여기에 있다,스릴러
나는 조선사람입니다,다큐멘터리
나는보리,가족
나는보리,드라마
나를 구하지 마세요,드라마
나를 보러와요,드라마
나를 죽여줘,드라마
나를 찾아줘,스릴러
나만 보이니,공포(호러)
나만 보이니,코미디
나만 없어 고양이,가족
나만 없어 고양이,판타지
나만 없어 고양이,드라마
나무없는 산,드라마
나비와 바다,다큐멘터리
나쁜 녀석들: 더 무비,범죄
나쁜 녀석들: 더 무비,액션
나쁜 영화,드라마
나의 결혼원정기,드라마
나의 마음은 지지 않았다,다큐멘터리
나의 먼 가족,기타
나의 사랑 나의 신부,멜로/로맨스
나의 사랑 나의 신부,코미디
나의 청춘은 너의 것,멜로/로맨스
나의 촛불,다큐멘터리
나의 특별한 형제,드라마
나의 특별한 형제,코미디
나의 피투성이 연인,드라마
나의 피투성이 연인,멜로/로맨스
나의이름,멜로/로맨스
나의이름,드라마
남극의 쉐프,코미디
남극의 쉐프,드라마
남매의 여름밤,드라마
남산의 부장들,드라마
남영동1985,드라마
남자는 처음을 원하고 여자는 마지막을 원한다,멜로/로맨스
남자는 처음을 원하고 여자는 마지막을 원한다,드라마
남자사용설명서,코미디
남자사용설명서,멜로/로맨스
남한산성,사극
남한산성,드라마
낫아웃,드라마
낭만 캠퍼스,드라마
낭만적 공장,멜로/로맨스
낮과 달,드라마
낮손님,코미디
낮술,코미디
낮술,드라마
낮에는 덥고 밤에는 춥고,드라마
내 남자친구의 결혼식,멜로/로맨스
내 남자친구의 결혼식,드라마
내 남자친구의 결혼식,코미디
내 미국 삼촌,드라마
내 생애 가장 아름다운 일주일,멜로/로맨스
내 손끝에 너의 온도가 닿을 때,멜로/로맨스
내 손끝에 너의 온도가 닿을 때,드라마
내 친구 정일우,다큐멘터리
내가 못 나가는 것도 아닌데,드라마
내가 못 나가는 것도 아닌데,코미디
내가 사랑했다,드라마
내가 사랑했다,범죄
내가 좀비?,기타
내가 죽던 날,드라마
내게 남은 사랑을,드라마
내겐 너무 소중한 너,드라마
내부자들,범죄
내부자들,드라마
내일의 기억,미스터리
내일의 기억,스릴러
너는 내 운명,멜로/로맨스
너를 줍다,멜로/로맨스
너를 줍다,드라마
너에게 가는 길,다큐멘터리
너와 극장에서,드라마
너와 나,드라마
너의 결혼식,멜로/로맨스
너의 순간,멜로/로맨스
너의 시선이 머무는 곳에,드라마
너의 시선이 머무는 곳에,멜로/로맨스
넘버 3,코미디
넘버 3,액션
넘버 3,범죄
네가 내가 되었으면 좋겠다,기타
노가리,드라마
노가리,코미디
노량: 죽음의 바다,사극
노량: 죽음의 바다,액션
노무현과 바보들: 못다한 이야기,다큐멘터리
노무현입니다,다큐멘터리
노트북,멜로/로맨스
노팅 힐,멜로/로맨스
노팅 힐,코미디
녹차의 중력,다큐멘터리
녹턴,다큐멘터리
누구나 비밀은 있다- 간호일기,성인물(에로)
누구나 제 명에 죽고 싶다,드라마
누구나 제 명에 죽고 싶다,액션
누구의 딸도 아닌 해원,드라마
누에치던 방,드라마
눈길,드라마
눈꺼풀,드라마
눈발,드라마
뉴 노멀,스릴러
뉴 노멀,드라마
뉴 노멀,코미디
뉴욕의 왕,코미디
늑대들,액션
늑대들,스릴러
늑대사냥,액션
늑대사냥,범죄
늑대소년,멜로/로맨스
늑대소년,드라마
늑대소년,판타지
늘봄가든,공포(호러)
늘봄가든,스릴러
늙은 자전거,드라마
늙은 자전거,가족
늦더위,드라마
늦봄2020,다큐멘터리
니 부모 얼굴이 보고 싶다,드라마
니나 내나,드라마
니모를 찾아서,애니메이션
니모를 찾아서,코미디
니모를 찾아서,어드벤처
니모를 찾아서,가족
니얼굴,다큐멘터리
니자리,공포(호러)
니자리,코미디
니키리라고도 알려진,다큐멘터리
"님아, 그 강을 건너지 마오",다큐멘터리
다른나라에서,드라마
다만 악에서 구하소서,범죄
다만 악에서 구하소서,액션
다만 악에서 구하소서 파이널컷,액션
다방의 푸른 꿈,다큐멘터리
다섯 번째 방,다큐멘터리
다시 김대중-함께 합시다,다큐멘터리
다시 만난 날들,뮤지컬
다시 만난 날들,드라마
다시 만난 날들,멜로/로맨스
다우렌의 결혼,드라마
다음 소희,드라마
다이빙벨,다큐멘터리
다큐 황은정 : 스마트폰이 뭐길래,드라마
달빛 길어올리기,드라마
달이 지는 밤,드라마
달짝지근해: 7510,코미디
담보,드라마
담쟁이,가족
담쟁이,드라마
"당신, 거기 있어줄래요",판타지
"당신, 거기 있어줄래요",드라마
당신얼굴 앞에서,드라마
당신은 믿지 않겠지만,드라마
당신은 이 글 속에 살아있다,기타
당신은 학생인가,다큐멘터리
당신의 이웃은 친절하지 않다,미스터리
당신의 이웃은 친절하지 않다,드라마
당신의 이웃은 친절하지 않다,범죄
당신의 이웃은 친절하지 않다,스릴러
당신이 잠든 사이,미스터리
당신이 잠든 사이,멜로/로맨스
당신자신과 당신의 것,드라마
대가족,드라마
대가족,코미디
대도시의 사랑법,드라마
대무가,드라마
대무가,코미디
대외비,범죄
대외비,드라마
대전 블루스,드라마
대치동 스캔들,드라마
대치동 스캔들,멜로/로맨스
댄서의 순정,드라마
댓글부대,범죄
댓글부대,드라마
더 납작 엎드릴게요,드라마
더 데빌,뮤지컬
더 독,액션
더 독,스릴러
더 문,SF
더 문,액션
더 문,드라마
더 박스,드라마
더 블루스-소울 오브 맨,드라마
더 와일드: 야수들의 전쟁,액션
더 와일드: 야수들의 전쟁,범죄
더 킬러: 죽어도 되는 아이,액션
더 킬러스,드라마
더 킬러스,액션
더 킬러스,스릴러
더 킹,범죄
더 킹,드라마
더 테너 리리코 스핀토,드라마
더 테이블,드라마
더 테이블,멜로/로맨스
더러운 돈에 손대지 마라,범죄
더러운 돈에 손대지 마라,드라마
더블패티,드라마
더스트맨,드라마
더하우스,스릴러
더하우스,미스터리
더하우스,공포(호러)
덕구,드라마
데드 맨,드라마
데드라인,드라마
데드맨,범죄
데드캠핑 더라이브,스릴러
데드캠핑 더라이브,액션
데시벨,액션
델마와 루이스,드라마
도굴,범죄
도그데이즈,드라마
도둑들,액션
도둑들,범죄
도망친 여자,드라마
도티와 영원의 탑,애니메이션
도희야,드라마
독도의 영웅들,다큐멘터리
독전,범죄
독전,액션
독친,공포(호러)
독친,미스터리
돈 컴 노킹,드라마
돈의 맛,드라마
돌멩이,드라마
돌아온다,드라마
돌핀,드라마
동감,멜로/로맨스
동감,멜로/로맨스
동감,판타지
동명이인 프로젝트 시즌2,기타
"동물, 원",다큐멘터리
동백,드라마
동백,가족
동백,전쟁
동백꽃 신사,액션
동생의 아내,멜로/로맨스
동생의 아내,코미디
동생의 아내,드라마
동주,드라마
동행: 10년의 발걸음,다큐멘터리
돼지의 왕,애니메이션
돼지의 왕,스릴러
되살아나는 목소리,다큐멘터리
두 개의 문,다큐멘터리
두 번째 사랑,드라마
두 번째 사랑,멜로/로맨스
두 사람을 위한 식탁,다큐멘터리
두번할까요,코미디
두번할까요,멜로/로맨스
둠둠,드라마
둠벙,미스터리
둠벙,공포(호러)
뒤주,공포(호러)
뒤주,미스터리
뒤주,스릴러
뒤틀린 집,공포(호러)
뒤틀린 집,드라마
뒤틀린 집,스릴러
드라이브,스릴러
드라이브,멜로/로맨스
드라이브,드라마
드림,코미디
드림,드라마
드림걸즈,드라마
드림걸즈,뮤지컬
드림팰리스,드라마
듣보인간의 생존신고,다큐멘터리
들개,범죄
들개,드라마
들꽃,드라마
들리나요?,다큐멘터리
디바,스릴러
디바,미스터리
디스 아메리카노,드라마
디아스포라의 노래 : 아리랑 로드,다큐멘터리
디어 마이 지니어스,다큐멘터리
딜리버리,드라마
딜리버리,가족
딜리버리,코미디
딸에 대하여,드라마
땅에 쓰는 시,다큐멘터리
똥 싸는 소리,드라마
똥파리,드라마
뚫어야 산다,코미디
뜨거운 피,범죄
뜨거운 피,드라마
뜨거운 피: 디 오리지널,액션
뜨거운 피: 디 오리지널,범죄
라따뚜이,애니메이션
라따뚜이,드라마
라따뚜이,코미디
라따뚜이,가족
라방,스릴러
라빠르망,멜로/로맨스
라빠르망,드라마
라스트 씬,다큐멘터리
라스트필름,드라마
라이브 플래쉬,드라마
라이브 플래쉬,멜로/로맨스
라이브 하드,드라마
라이온 킹,애니메이션
라이온 킹,어드벤처
라이온 킹,가족
라이온 킹,뮤지컬
라이온 킹,드라마
라임라이트,드라마
라임라이트,코미디
라임크라임,드라마
람보,액션
랑종,공포(호러)
랑종,스릴러
랑종,드라마
러브라인,기타
러브레터,멜로/로맨스
러브레터,드라마
러시안 소설,드라마
러시안 소설,미스터리
럭키 몬스터,드라마
"럭키, 아파트",드라마
런 보이 런,드라마
런닝맨 : 풀룰루의 역습,애니메이션
런닝맨: 리벤져스,애니메이션
레드 아이,공포(호러)
레드슈즈,애니메이션
레드슈즈,코미디
레드슈즈,판타지
레드슈즈,어드벤처
레드슈즈,멜로/로맨스
레옹,액션
레옹,범죄
레이디,드라마
레이디,멜로/로맨스
레이디,코미디
레인맨,드라마
레인보우,드라마
레터스 투 줄리엣,멜로/로맨스
레터스 투 줄리엣,코미디
렛 미 인,드라마
렛 미 인,판타지
렛 미 인,공포(호러)
렛 미 인,미스터리
로그 인 벨지움,다큐멘터리
로그북,다큐멘터리
로또쉐어,스릴러
로또쉐어,액션
로또쉐어,범죄
로보카폴리 안전교실 교통편,애니메이션
로보카폴리 안전교실 소방편,애니메이션
로우,스릴러
로우,공포(호러)
록키 호러 픽쳐 쇼,공포(호러)
록키 호러 픽쳐 쇼,뮤지컬
록키 호러 픽쳐 쇼,코미디
롱디,멜로/로맨스
롱디,코미디
루비,드라마
루프,드라마
루프,스릴러
룩앳미 터치미 키스미,멜로/로맨스
룩앳미 터치미 키스미,코미디
룸 쉐어링,드라마
르네에게,드라마
리메인,드라마
리멤버,드라마
리미트,범죄
리미트,스릴러
리바운드,드라마
리볼버,범죄
리턴,미스터리
리턴,스릴러
리턴 투 서울,드라마
리틀 포레스트,드라마
리프레쉬,드라마
리프레쉬,코미디
릴리 슈슈의 모든 것,드라마
링,공포(호러)
링,미스터리
링,스릴러
마녀(魔女) Part2. The Other One,액션
마당을 나온 암탉,애니메이션
마더,드라마
마돈나,드라마
마루이 비디오,미스터리
마루이 비디오,공포(호러)
마왕의 딸 이리샤,애니메이션
마이 샤이니 월드,공연
마이 샤이니 월드,다큐멘터리
마이 제너레이션,드라마
마인드 유니버스,SF
마인드 유니버스,멜로/로맨스
마인드 유니버스,가족
마지막 휴가,기타
막걸리가 알려줄거야,드라마
막걸리가 알려줄거야,SF
막걸리가 알려줄거야,코미디
막다른 골목의 추억,멜로/로맨스
만분의 일초,액션
만분의 일초,드라마
만분의 일초,스릴러
만신,다큐멘터리
만신,드라마
만인의 연인,드라마
만추 리마스터링,멜로/로맨스
만해 한용운 님의침묵,드라마
말모이,드라마
말아,드라마
말이야 바른 말이지,코미디
말임씨를 부탁해,드라마
말죽거리 잔혹사,액션
말죽거리 잔혹사,멜로/로맨스
말하는 건축 시티:홀,다큐멘터리
말하는 건축가,다큐멘터리
말할 수 없는 비밀:이모와의 관계,멜로/로맨스
말할 수 없는 비밀:이모와의 관계,드라마
맛있는 영화,기타
매디슨 카운티의 다리,멜로/로맨스
매미소리,드라마
매미소리,가족
매지컬: 공주를 웃겨라,애니메이션
매치 포인트,멜로/로맨스
매치 포인트,드라마
매트,미스터리
매트,스릴러
매트,드라마
매트릭스,SF
매트릭스,액션
머리카락,다큐멘터리
머릿속을,드라마
머릿속을,전쟁
머슴바울,사극
머슴바울,뮤지컬
멀리가지마라,코미디
멀리가지마라,범죄
멋대로 해라,드라마
멋진 하루,드라마
멋진 하루,멜로/로맨스
멍뭉이,드라마
메기,미스터리
메기,코미디
메리 크리스마스 미스터 모,코미디
메모리: 조작살인,미스터리
메모리즈,드라마
메모리즈,가족
메모리즈,판타지
"메밀꽃, 운수 좋은 날, 그리고 봄봄",애니메이션
메이드 인 루프탑,드라마
메이드 인 루프탑,멜로/로맨스
메이드 인 루프탑,코미디
메종 드 히미코,드라마
메피스토,드라마
메피스토,스릴러
명당,사극
명량,사극
명량,액션
명색이 아프레걸,공연
"명성, 그 6일의 기록",다큐멘터리
명왕성,드라마
명왕성,스릴러
명탐정 코난: 100만 달러의 펜타그램,애니메이션
모가디슈,액션
모가디슈,드라마
모녀의 교환섹스,멜로/로맨스
모던 타임즈,코미디
모르는 이야기,판타지
모르는 이야기,어드벤처
모르는 이야기,드라마
모자산책,드라마
모텔 선인장,멜로/로맨스
목스박,액션
목스박,코미디
목화솜 피는 날,드라마
몬스타엑스 : 더 드리밍,다큐멘터리
몬테크리스토: 더 뮤지컬 라이브,공연
몸값part.1,스릴러
몸값part.1,기타
몸값part.2,스릴러
못말리는 결혼,코미디
몽마르트 파파,다큐멘터리
몽상가들,드라마
몽상가들,멜로/로맨스
뫼비우스,드라마
무간도3: 종극무간,드라마
무경계,다큐멘터리
무녀도,뮤지컬
무녀도,애니메이션
무뢰한,멜로/로맨스
무명객,액션
무산일기,드라마
"무순, 세상을 가로질러",다큐멘터리
문경,드라마
물고기,미스터리
물귀신,공포(호러)
물귀신,미스터리
물방울을 그리는 남자,다큐멘터리
물비늘,드라마
물숨,다큐멘터리
물안에서,드라마
물의 기억,다큐멘터리
물의 기억,드라마
뮤리엘의 웨딩,코미디
뮤리엘의 웨딩,드라마
뮤리엘의 웨딩,멜로/로맨스
뮤지컬 번지점프를 하다,뮤지컬
뮤지컬 번지점프를 하다,공연
뮤직 앤 리얼리티,드라마
미끼,드라마
미녀와 야수,애니메이션
미녀와 야수,드라마
미녀와 야수,가족
미드나이트,스릴러
미망,멜로/로맨스
미망,드라마
미성년,드라마
미션 임파서블: 데드 레코닝 PART ONE,액션
미션 임파서블: 데드 레코닝 PART ONE,스릴러
미션 임파서블: 데드 레코닝 PART ONE,어드벤처
미션 임파서블: 폴아웃,액션
미션 임파서블: 폴아웃,스릴러
미션 파서블,코미디
미션 파서블,액션
미스 프레지던트,다큐멘터리
미스터 보스,드라마
미스터 보스,액션
미스터 주: 사라진 VIP,코미디
미스터 주: 사라진 VIP,드라마
미싱타는 여자들,다큐멘터리
미쓰 홍당무,드라마
미쓰 홍당무,코미디
미쓰백,드라마
미인,다큐멘터리
미지수,드라마
미지수,멜로/로맨스
미지수,가족
미지수,SF
미지수,판타지
미혹,미스터리
미혹,공포(호러)
믿을 수 있는 사람,드라마
밀수,액션
밀양,드라마
밀크,드라마
바꿔 할래? 무삭제,멜로/로맨스
바다로 가자,가족
바다로 가자,다큐멘터리
바다로 가자,전쟁
바람 따라 만나리 : 김호중의 계절,공연
바람 따라 만나리 : 김호중의 계절,다큐멘터리
바람개비,액션
바람과 함께 사라지다,드라마
바람과 함께 사라지다,멜로/로맨스
바람과 함께 사라지다,전쟁
바람난 가족,드라마
바람아 안개를 걷어가다오,드라마
바람의 언덕,드라마
바리데기,공포(호러)
바리데기,미스터리
바스켓볼 다이어리,범죄
바스켓볼 다이어리,드라마
바스터즈: 거친 녀석들,액션
바스터즈: 거친 녀석들,드라마
바스터즈: 거친 녀석들,전쟁
박강아름 결혼하다,다큐멘터리
박열,드라마
박정희: 경제대국을 꿈꾼 남자,공연
박정희: 경제대국을 꿈꾼 남자,뮤지컬
박정희: 경제대국을 꿈꾼 남자,드라마
박정희: 경제대국을 꿈꾼 남자 특별판,공연
박정희: 경제대국을 꿈꾼 남자 특별판,뮤지컬
박정희: 경제대국을 꿈꾼 남자 특별판,드라마
박쥐,공포(호러)
박쥐,드라마
박하경 여행기,드라마
박하사탕,드라마
박화영,드라마
반도,액션
반도,드라마
반드시 크게 들을 것 2 : Wild Days,다큐멘터리
발신제한,스릴러
발신제한,액션
밤낚시,SF
밤낚시,스릴러
밤빛,드라마
밤빛,가족
밤의 문이 열린다,판타지
밤의 문이 열린다,드라마
밥만 잘 사주는 이상한 이사님 극장판,드라마
밥만 잘 사주는 이상한 이사님 극장판,멜로/로맨스
밥정,다큐멘터리
밥정,드라마
방법: 재차의,미스터리
방법: 재차의,스릴러
방탄소년단: 옛 투 컴 인 시네마,공연
방황의 날들,드라마
배심원들,드라마
배짱이들,다큐멘터리
배트맨 비긴즈,범죄
배트맨 비긴즈,액션
배트맨 비긴즈,판타지
백남준: 달은 가장 오래된 TV,다큐멘터리
백두산,어드벤처
백두산,드라마
백야,멜로/로맨스
백현: 론스달라이트 닷 인 시네마,공연
버닝,미스터리
버블 패밀리,다큐멘터리
버블 패밀리,가족
버티고,드라마
버티고,멜로/로맨스
번개맨: 더 비기닝,애니메이션
번지점프를 하다,드라마
번지점프를 하다,판타지
벌새,드라마
범죄도시2,범죄
범죄도시2,액션
범죄도시3,범죄
범죄도시3,액션
범죄도시4,액션
범죄도시4,범죄
범죄와의 전쟁: 나쁜놈들 전성시대,범죄
범죄와의 전쟁: 나쁜놈들 전성시대,드라마
범죄의 재구성,스릴러
범털,드라마
범털,범죄
범털 2: 쩐의 전쟁,범죄
범털 2: 쩐의 전쟁,액션
법정스님의 의자,다큐멘터리
벗어날 탈 脫,미스터리
베르나르다 알바,공연
베르나르다 알바,뮤지컬
베르테르,뮤지컬
베를린 리포트,드라마
베를린 리포트,전쟁
베베핀 플레이타임,애니메이션
베테랑2,액션
베테랑2,범죄
벤허,드라마
벤허,액션
벨벳 골드마인,드라마
벨벳 골드마인,뮤지컬
변강쇠,성인물(에로)
변강쇠,멜로/로맨스
변강쇠,사극
변강쇠,드라마
변신,공포(호러)
변신,스릴러
변호인,드라마
별 볼일 없는 인생,멜로/로맨스
별 볼일 없는 인생,드라마
별 볼일 없는 인생,판타지
별의 정원,애니메이션
별의 정원,판타지
보고타: 마지막 기회의 땅,범죄
보고타: 마지막 기회의 땅,드라마
보는 것을 사랑한다,다큐멘터리
보드랍게,다큐멘터리
보디가드,멜로/로맨스
보디가드,드라마
보이스,범죄
보이스,액션
보이지 않는,액션
보이지 않는,스릴러
보이지 않아,드라마
보조바퀴,드라마
보통날,드라마
보통의 가족,드라마
보통의 용기,다큐멘터리
보호자,액션
보호자,드라마
보희와 녹양,드라마
복수는 나의 것,범죄
복수는 나의 것,스릴러
복지식당,드라마
본 슈프리머시,액션
본 얼티메이텀,액션
본 얼티메이텀,스릴러
본 얼티메이텀,미스터리
본 얼티메이텀,어드벤처
볼빨간사춘기: 메리 고 라운드 더 무비,공연
봄날,드라마
봄날,액션
봄날은 간다,드라마
봉오동 전투,사극
봉오동 전투,액션
봉오동 전투,드라마
봉태리,멜로/로맨스
봉태리,코미디
봉태리,드라마
봉태리,판타지
부기나이트,코미디
부당거래,범죄
부당거래,드라마
부러진 화살,드라마
부모 바보,드라마
부산행,액션
부산행,스릴러
부산행:익스텐디드,액션
부산행:익스텐디드,스릴러
부적: 남의 운을 빼앗는 자,액션
부적: 남의 운을 빼앗는 자,드라마
부활 그 소망,다큐멘터리
부활: 그 증거,다큐멘터리
북간도의 십자가,다큐멘터리
북촌방향,드라마
분노의 강,드라마
불도저에 탄 소녀,드라마
불량한 가족,코미디
불량한 가족,드라마
불멸의 여자,드라마
불멸의 연인,드라마
불어라 검풍아,액션
불청객,SF
불청객,판타지
불청객,드라마
불타는 소림사,액션
불한당: 나쁜 놈들의 세상,범죄
불한당: 나쁜 놈들의 세상,액션
불한당: 나쁜 놈들의 세상,드라마
붉은 장미의 추억,드라마
붉은 장미의 추억,미스터리
뷰티 인사이드,판타지
뷰티 인사이드,멜로/로맨스
브라더,범죄
브라더,액션
브레드이발소: 빵스타의 탄생,애니메이션
브레드이발소: 셀럽 인 베이커리타운,애니메이션
브레이크 더 사일런스: 더 무비,다큐멘터리
브로커,드라마
브링 더 소울 : 더 무비,기타
브이 포 벤데타,액션
블랙머니,범죄
블랙머니,드라마
블루버스데이,멜로/로맨스
블루버스데이,드라마
블루버스데이,스릴러
비공식작전,드라마
비념,다큐멘터리
비닐하우스,범죄
비련,드라마
비련,멜로/로맨스
비밀,미스터리
비밀,드라마
비밀,스릴러
비밀은 없다,스릴러
비밀의 언덕,기타
비밀의 정원,드라마
비상선언,드라마
비와 당신의 이야기,드라마
비와 당신의 이야기,멜로/로맨스
비의도적 연애담 스페셜,드라마
비의도적 연애담 스페셜,멜로/로맨스
비치온더비치,멜로/로맨스
비커밍 제인,드라마
비커밍 제인,멜로/로맨스
비트,액션
비트,멜로/로맨스
비트,범죄
비포 선라이즈,멜로/로맨스
비포 선라이즈,드라마
비포 선셋,드라마
비행,드라마
비행,범죄
빅 피쉬,판타지
빅슬립,드라마
빅토리,드라마
빈틈없는 사이,멜로/로맨스
"빗자루, 금붕어 되다",드라마
빙점 '81,가족
빙점 '81,드라마
빙점 '81,멜로/로맨스
빛과 철,드라마
빛나는 순간,드라마
뺑반,범죄
뺑반,액션
뻐꾸기도 밤에 우는가,드라마
뽀로로 극장판 드래곤캐슬 대모험,애니메이션
뽀로로 극장판 바닷속 대모험,애니메이션
뽀로로 극장판 보물섬 대모험,애니메이션
뽀로로 극장판 보물섬 대모험,가족
뽀로로 극장판 슈퍼스타 대모험,애니메이션
뿌까의 짜장면파티,기타
사도,사극
사돈의 팔촌,멜로/로맨스
사돈의 팔촌,드라마
사라센의 칼,드라마
사라센의 칼,가족
사라진 시간,미스터리
사라진 시간,드라마
사랑과 영혼,드라마
사랑과 영혼,멜로/로맨스
사랑니,멜로/로맨스
사랑도 통역이 되나요?,멜로/로맨스
사랑도 통역이 되나요?,액션
사랑만들기,드라마
사랑만들기,멜로/로맨스
사랑은 언제나 진행중,코미디
사랑은 언제나 진행중,멜로/로맨스
사랑의 고고학,드라마
사랑의 고고학,멜로/로맨스
사랑의 불시착: 라이브 인 서울,드라마
사랑의 불시착: 라이브 인 서울,멜로/로맨스
사랑의 불시착: 라이브 인 서울,뮤지컬
사랑의 불시착: 라이브 인 서울,공연
사랑의 선물,드라마
사랑의 스잔나,멜로/로맨스
사랑의 원자탄,사극
사랑의 찬가,드라마
사랑의 찬가,멜로/로맨스
사랑의 하츄핑,애니메이션
사랑인가 바,멜로/로맨스
사랑하고 있습니까,판타지
사랑하고 있습니까,멜로/로맨스
사막을 건너 호수를 지나,다큐멘터리
사바하,미스터리
사바하,스릴러
사상,다큐멘터리
사이비,애니메이션
사이비,스릴러
사잇소리,스릴러
사채소년,액션
사채소년,드라마
사흘,공포(호러)
사흘,미스터리
산딸기,멜로/로맨스
산딸기 2,드라마
산딸기 2,멜로/로맨스
산상수훈,드라마
산티아고의 흰 지팡이,다큐멘터리
살수,액션
살수,사극
살인광시대,드라마
살인광시대,코미디
살인에 관한 짧은 필름,범죄
살인에 관한 짧은 필름,드라마
살인의 추억,스릴러
살인자의 기억법,범죄
살인자의 기억법,스릴러
살인청부업자,범죄
살인청부업자,스릴러
삼진그룹 영어토익반,드라마
삼촌,미스터리
삼촌,스릴러
삽질,다큐멘터리
새벽에 온 방문객,멜로/로맨스
새벽에 온 방문객,드라마
새해전야,멜로/로맨스
새해전야,코미디
색다른 그녀,멜로/로맨스
색다른 그녀,코미디
생각의 여름,드라마
생일,드라마
샤먼 로드,다큐멘터리
샤이닝,공포(호러)
샤이닝,스릴러
샤인,드라마
샤인,가족
샤인 리마스터링,드라마
서바이벌 택틱스,드라마
서복,드라마
서복,액션
서산개척단,다큐멘터리
서양 골동 양과자점 앤티크,드라마
서울괴담,공포(호러)
서울야행,코미디
서울야행,멜로/로맨스
서울야행,드라마
서울역,애니메이션
서울의 봄,드라마
서치 아웃,스릴러
선데이리그,코미디
선샤인 패밀리,드라마
설계자,범죄
설계자,드라마
설국열차,SF
설국열차,액션
설중매,사극
설화,스릴러
섬·망(望),드라마
성냥팔이 소녀의 재림,SF
성덕,다큐멘터리
성실한 나라의 앨리스,드라마
성월동화,드라마
성월동화,멜로/로맨스
성적표의 김민영,드라마
성혜의 나라,드라마
세 가지 색 : 블루,드라마
세 가지 색: 레드,드라마
세 여자,멜로/로맨스
세 여자,드라마
세기말의 사랑,드라마
세븐,범죄
세븐,스릴러
세븐틴 파워 오브 러브 : 더 무비,공연
세븐틴 파워 오브 러브 : 더 무비,다큐멘터리
세상 참 예쁜 오드리,가족
세상 참 예쁜 오드리,드라마
세월: 라이프 고즈 온,다큐멘터리
세이레,드라마
세이레,스릴러
세이레,미스터리
세입자,SF
세입자,스릴러
세입자,공포(호러)
세입자,판타지
세자매,드라마
세트플레이,드라마
"센베노,평창",다큐멘터리
셔터 아일랜드,드라마
셔터 아일랜드,미스터리
셔터 아일랜드,스릴러
소공녀,멜로/로맨스
소공녀,드라마
소꿉놀이,다큐멘터리
소나기,드라마
소나기,애니메이션
소년들,드라마
소년들,범죄
소리꾼,사극
소리꾼,드라마
소리도 없이,범죄
소리도 없이,드라마
소방관,드라마
소설가 구보의 하루,드라마
소설가의 영화,드라마
소셜 네트워크,드라마
소셜포비아,스릴러
소셜포비아,드라마
소울,애니메이션
소울메이트,드라마
소원,드라마
소은이의 무릎,드라마
소중한 날의 꿈,애니메이션
소중한 날의 꿈,드라마
소풍,드라마
소피의 세계,드라마
속물들,드라마
손,공포(호러)
손,코미디
솔라 플라워,드라마
솔라 플라워,액션
솔라 플라워,범죄
송가인 더 드라마,공연
송암동,드라마
송해 1927,다큐멘터리
송환,다큐멘터리
쇼걸,드라마
쇼미더고스트,코미디
쇼미더고스트,공포(호러)
쇼생크 탈출,드라마
숏버스 감독행,드라마
숏버스 감독행,가족
숏버스 감성행,멜로/로맨스
숏버스 기묘행,미스터리
숏버스 기묘행,드라마
숏버스 배우행,드라마
숏버스 배우행,다큐멘터리
숏버스 섬뜩행,드라마
숏버스 섬뜩행,공포(호러)
숏버스 이별행,코미디
숏버스 이별행,멜로/로맨스
수라,다큐멘터리
수면의 과학,코미디
수면의 과학,판타지
수상한 그녀,드라마
수상한 이웃,코미디
수색자,스릴러
수운잡방,드라마
수유천,드라마
수카바티: 극락축구단,다큐멘터리
수퍼 디스코,다큐멘터리
수퍼 소닉,애니메이션
수퍼 소닉,액션
수퍼 소닉,어드벤처
수퍼 소닉2,애니메이션
수퍼 소닉2,액션
수퍼 소닉2,어드벤처
수퍼 소닉2,코미디
수퍼 소닉2,가족
수퍼 소닉2,판타지
수퍼 소닉2,SF
수퍼 소닉3,애니메이션
수프와 이데올로기,다큐멘터리
수필러브,기타
숙명,드라마
숙명,액션
순정,드라마
순종,다큐멘터리
숫호구,코미디
숲의 비명 : 사라진 사람들,공포(호러)
숲의 비명 : 사라진 사람들,스릴러
쉰들러 리스트,드라마
쉰들러 리스트,사극
쉰들러 리스트,전쟁
슈가: 로드 투 디데이,다큐멘터리
슈가│어거스트 디 투어 ‘디-데이’ 더 무비,공연
슈팅걸스,드라마
슈팅걸스,가족
슈퍼문,애니메이션
슈퍼문,어드벤처
슈퍼문,코미디
슈퍼스타 감사용,드라마
슈퍼피쉬 - 끝없는 여정,다큐멘터리
스네이크 아이즈: 지.아이.조,액션
스네이크 아이즈: 지.아이.조,어드벤처
스네이크 아이즈: 지.아이.조,판타지
스와핑 동창회,성인물(에로)
스웨그,드라마
스위치,기타
스윈들러,드라마
스윈들러,범죄
스윈들러,코미디
스윙키즈,드라마
스쿠프,코미디
스쿠프,드라마
스쿨 오브 락(樂),다큐멘터리
스크림,공포(호러)
스크림,미스터리
스크림,스릴러
스텔라,코미디
스텔라,드라마
스트레스 제로,애니메이션
스트리머,공포(호러)
스트리머,미스터리
스틸 플라워,드라마
스파이형 모델,SF
스프린터,드라마
스프링 송,드라마
스프링 송,뮤지컬
습도 다소 높음,코미디
습도 다소 높음,드라마
승리호,SF
시,드라마
시 읽는 시간,다큐멘터리
"시, 나리오",드라마
"시, 나리오",멜로/로맨스
시간을 꿈꾸는 소녀,다큐멘터리
시간을 꿈꾸는 소녀,드라마
시간의 종말,다큐멘터리
시동,드라마
시라노; 연애조작단,멜로/로맨스
시라노; 연애조작단,코미디
시맨틱 에러: 더 무비,멜로/로맨스
시민 노무현,다큐멘터리
시민덕희,드라마
"시발, 놈: 인류의 시작",코미디
"시발, 놈: 인류의 시작",드라마
시월애,멜로/로맨스
시월애,판타지
시인 할매,다큐멘터리
시인의 사랑,드라마
시티 라이트,코미디
시티 라이트,드라마
시티 라이트,멜로/로맨스
시티 오브 갓,드라마
시티 오브 갓,액션
시티 오브 갓,스릴러
시티 오브 갓,범죄
시호,멜로/로맨스
식객,드라마
"식물카페, 온정",기타
신과함께-인과 연,판타지
신과함께-인과 연,드라마
신과함께-죄와 벌,판타지
신과함께-죄와 벌,드라마
신비아파트 극장판 차원도깨비와 7개의 세계,애니메이션
신비아파트 극장판 하늘도깨비 대 요르문간드,애니메이션
신비아파트: 금빛 도깨비와 비밀의 동굴,애니메이션
신비아파트: 금빛 도깨비와 비밀의 동굴,판타지
신비아파트: 금빛 도깨비와 비밀의 동굴,어드벤처
신세계,범죄
신세계,액션
신세계로부터,드라마
신세계로부터,미스터리
신의 한 수: 귀수편,범죄
신의 한 수: 귀수편,액션
신입사원: 더 무비,멜로/로맨스
신체모음.zip,공포(호러)
실버맨,드라마
심도,드라마
심야카페: 미씽 허니,멜로/로맨스
심야카페: 미씽 허니,판타지
심연,SF
심연,드라마
심연,스릴러
심연,액션
심연,어드벤처
십개월의 미래,드라마
싱글 인 서울,멜로/로맨스
싱글 인 서울,코미디
싱크홀,코미디
싸나희 순정,드라마
싸나희 순정,코미디
"싸이더:애,심",SF
싸이보그지만 괜찮아,SF
싸이보그지만 괜찮아,멜로/로맨스
싸이보그지만 괜찮아,판타지
써니,드라마
써니,코미디
써니 감독판,드라마
써니 감독판,코미디
써커스,드라마
썬더버드,드라마
썰,코미디
썰,스릴러
썰,미스터리
썰,공포(호러)
쎄시봉,멜로/로맨스
쎄시봉,코미디
쎄시봉,드라마
쏴!쏴!쏴!쏴!탕,드라마
쏴!쏴!쏴!쏴!탕,뮤지컬
씬,공포(호러)
아! 꽃이여 별이여,다큐멘터리
아가씨,스릴러
아가씨,드라마
아가씨(확장판),스릴러
아가씨(확장판),드라마
아내가 결혼했다,멜로/로맨스
아내가 결혼했다,드라마
아내를 빌려드립니다,멜로/로맨스
아내를 빌려드립니다,드라마
아내를 죽였다,스릴러
아내를 죽였다,액션
아네모네,코미디
아네모네,드라마
아네모네,액션
아들의 이름으로,드라마
아들의 이름으로,스릴러
아랑,공포(호러)
아르코라이브 뮤지컬 안테모사,공연
아르코라이브 뮤지컬 안테모사,뮤지컬
아마존 활명수,코미디
아머드 사우루스: 기계공룡제국의 침략,애니메이션
아머드 사우루스: 기계공룡제국의 침략,액션
아머드 사우루스: 기계공룡제국의 침략,어드벤처
아메바 소녀들과 학교괴담: 개교기념일,코미디
아메바 소녀들과 학교괴담: 개교기념일,공포(호러)
아무도 모른다,드라마
아무도 없는 곳,드라마
아버지의 마음,다큐멘터리
아부쟁이,액션
아부쟁이,코미디
아부쟁이,드라마
아수라,범죄
아수라,액션
아수라도,액션
아수라도,범죄
아웃레이지,드라마
아웃레이지,범죄
아워 뮤직,드라마
아워 미드나잇,드라마
아워 바디,드라마
아이,드라마
아이 캔 스피크,코미디
아이돌레시피,코미디
아이들은 즐겁다,드라마
아이를 위한 아이,기타
아이언맨 2,SF
아이언맨 2,액션
아이언맨 2,어드벤처
아이언맨 3,액션
아이언맨 3,어드벤처
아이언맨 3,SF
아이윌 송,드라마
아이즈 온 미 : 더 무비,공연
아이즈 와이드 셧,드라마
아이즈 와이드 셧,미스터리
아이즈 와이드 셧,스릴러
아임 히어로 더 파이널,공연
아임 히어로 더 파이널,다큐멘터리
아저씨,액션
아저씨,드라마
아줌마,드라마
아직 사랑하고 있습니까?,코미디
아치와 씨팍,애니메이션
아치와 씨팍,코미디
아치와 씨팍,액션
아치와 씨팍,SF
아치와 씨팍,범죄
"아치의 노래, 정태춘",다큐멘터리
아침바다 갈매기는,드라마
아침바다 갈매기는,가족
아포리아,드라마
아픈 만큼 사랑한다,다큐멘터리
아홉 스님,드라마
아홉수 로맨스,멜로/로맨스
악녀,액션
악마들,액션
악마들,스릴러
악몽,미스터리
악몽,공포(호러)
악몽,스릴러
악사들,다큐멘터리
악의 연대기,스릴러
악인은 너무 많다 2 - 제주 실종사건의 전말,스릴러
악인전,범죄
악인전,액션
안개속에 가버린 사랑,드라마
안나 카레니나,뮤지컬
안나푸르나,드라마
안나푸르나,멜로/로맨스
안나푸르나,코미디
"안녕, 내일 또 만나",드라마
"안녕, 투이",미스터리
"안녕, 투이",드라마
"안녕, 티라노: 영원히, 함께",애니메이션
"안녕, 할부지",다큐멘터리
"안녕, 할부지",애니메이션
안녕?! 오케스트라,다큐멘터리
안녕?! 오케스트라,공연
안녕하세요,드라마
안상태 첫번째 단편선,기타
안시성,사극
안시성,액션
알게 될거야,드라마
알게 될거야,코미디
알게 될거야,멜로/로맨스
알피니스트 - 어느 카메라맨의 고백,다큐멘터리
암살,액션
암살,드라마
암수살인,범죄
암수살인,드라마
압꾸정,코미디
압꾸정,드라마
앙상블,드라마
애마부인,성인물(에로)
애마부인,멜로/로맨스
애마부인,드라마
애비규환,드라마
애비규환,코미디
애월,멜로/로맨스
애월,드라마
애인교실,멜로/로맨스
액션동자,액션
액션히어로,액션
액션히어로,코미디
앨리스 죽이기,다큐멘터리
앵무새 몸으로 울었다,드라마
앵무새 몸으로 울었다,멜로/로맨스
앵커,스릴러
앵커,드라마
야간비행,드라마
야구소녀,드라마
야근 대신 뜨개질,다큐멘터리
약속,다큐멘터리
약속,드라마
약속은 없었지만,드라마
양자물리학,범죄
양지,가족
양지,드라마
양지뜸,다큐멘터리
양치기,드라마
양치기,스릴러
어거스트 러쉬,드라마
어게인,뮤지컬
어게인,드라마
어게인 1997,판타지
어게인 1997,드라마
어느 날 그녀가 우주에서,멜로/로맨스
어느 날 그녀가 우주에서,판타지
어느 날 그녀가 우주에서,드라마
어느날 그 길에서,다큐멘터리
어디로 가고 싶으신가요,드라마
어떤 하루,드라마
어른 김장하,다큐멘터리
어른도감,코미디
어른도감,드라마
어른들은 몰라요,드라마
어린 의뢰인,드라마
어린 의뢰인,가족
어머니의 영광,멜로/로맨스
어멍,드라마
어부바,가족
어서오시게스트하우스,드라마
어서오시게스트하우스,코미디
어우동: 주인 없는 꽃,멜로/로맨스
어웨이크,미스터리
어제 일은 모두 괜찮아,드라마
어쩌면 우린 헤어졌는지 모른다,드라마
언니 유정,가족
언니 유정,드라마
언더 유어 베드,스릴러
언더 유어 베드,멜로/로맨스
언더그라운드,다큐멘터리
언더독,애니메이션
언러브드,멜로/로맨스
언러브드,드라마
언터처블,드라마
언터처블,범죄
언터처블,스릴러
언터처블,액션
얼굴들,드라마
얼굴없는 보스,액션
얼굴없는 보스,드라마
얼굴없는 보스: 못다한 이야기 감독판,범죄
얼굴없는 보스: 못다한 이야기 감독판,드라마
엄마 바람피게하기,코미디
엄마 바람피게하기,드라마
엄마와 나,다큐멘터리
엄마와 딸의 은밀한 밤,멜로/로맨스
엄마와 딸의 은밀한 밤,드라마
엄마와 딸의 은밀한 밤,코미디
엄마의 공책,드라마
엄마의 공책,가족
엄마의 땅: 그리샤와 숲의 주인,애니메이션
엄마의 땅: 그리샤와 숲의 주인,어드벤처
엄마의 땅: 그리샤와 숲의 주인,판타지
엄마의 왕국,범죄
엄마의 왕국,드라마
엄마의 왕국,미스터리
업,애니메이션
업,코미디
업,어드벤처
업,가족
업사이드 다운,다큐멘터리
에너지 선생,드라마
에너지 선생,멜로/로맨스
에듀케이션,드라마
에로스,드라마
에로스,멜로/로맨스
에움길,다큐멘터리
에픽하이 20 더 무비,공연
엑소시스트: 믿는 자,공포(호러)
엑시트,코미디
엑시트,액션
엔딩스 비기닝스,드라마
엔딩스 비기닝스,멜로/로맨스
엘리자벳: 더 뮤지컬 라이브,공연
엘리자벳: 더 뮤지컬 라이브,뮤지컬
엠,미스터리
엠,멜로/로맨스
엠,스릴러
여고괴담 여섯번째 이야기 : 모교,미스터리
여고괴담 여섯번째 이야기 : 모교,공포(호러)
여기도 사람 있어요,드라마
여기도 사람 있어요,코미디
여덟 번째 감각,멜로/로맨스
여덟 번째 감각,드라마
여름날,드라마
여름이 끝날 무렵의 라트라비아타,드라마
여름이 끝날 무렵의 라트라비아타,멜로/로맨스
여배우는 오늘도,드라마
여배우는 오늘도,코미디
여섯 개의 밤,드라마
여섯 개의 밤,멜로/로맨스
여섯 개의 밤,가족
"여자는 바람, 여자는 바람",멜로/로맨스
여중생A,드라마
여타짜,범죄
여타짜,드라마
여행자,드라마
여행자의 필요,드라마
역할들,드라마
연련,가족
연련,드라마
연련,사극
연악: 나의 운명,사극
연악: 나의 운명,드라마
연애 빠진 로맨스,멜로/로맨스
연애 빠진 로맨스,코미디
연애 완전 정복,멜로/로맨스
연애 완전 정복,코미디
연애소설,드라마
연애의 기술,멜로/로맨스
연애의 기술,코미디
연인들,드라마
연평해전,드라마
열두 번째 용의자,미스터리
열두 번째 용의자,스릴러
열아홉,드라마
"열여덟, 어른이 되는 나이",드라마
열혈형사,코미디
엽기적인 그녀,코미디
엽문,액션
엽문,드라마
엽문2,액션
엽문2,드라마
영면,드라마
영웅,드라마
영웅,뮤지컬
영웅: 라이브 인 시네마,공연
영웅: 라이브 인 시네마,뮤지컬
영웅들의 눈물,전쟁
영웅들의 눈물,드라마
영웅본색,액션
영웅본색,범죄
영원과 하루,드라마
영하의 바람,드라마
영화감독 노동주,다큐멘터리
영화로운 나날,멜로/로맨스
영화로운 나날,드라마
영화로운 나날,판타지
영화의 거리,멜로/로맨스
영화의 거리,코미디
영희,코미디
옆집사람,스릴러
옆집사람,코미디
오! 나의 어시님,멜로/로맨스
오! 나의 어시님,드라마
오! 마이 고스트,코미디
오! 마이 고스트,공포(호러)
오! 문희,코미디
오! 문희,드라마
오늘 여자,멜로/로맨스
오늘 출가합니다,드라마
"오늘, 우리 2",드라마
오늘도 평화로운,액션
오늘도 평화로운,코미디
오늘부터 1일,스릴러
오늘부터 1일,멜로/로맨스
오늘영화,멜로/로맨스
오늘영화,기타
오래된 정원,드라마
오마주,드라마
오빠 남진 라이브 콘서트,공연
"오빠, 남진",공연
"오빠, 남진",다큐멘터리
오빠생각,드라마
오빠생각,전쟁
오싹한 동거,멜로/로맨스
오싹한 동거,공포(호러)
오아시스 세탁소,드라마
오장군의 발톱,전쟁
오장군의 발톱,드라마
오장군의 발톱,판타지
오케이 마담,코미디
오케이 마담,액션
오페라의 유령,뮤지컬
오페라의 유령,드라마
오픈 더 도어,미스터리
오픈 더 도어,스릴러
오후 네시,드라마
옥수역귀신,공포(호러)
옥수역귀신,미스터리
옥자,어드벤처
옥자,액션
옥자,드라마
온 더 로드,다큐멘터리
온 세상이 하얗다,멜로/로맨스
온 세상이 하얗다,드라마
올드보이,스릴러
올레,드라마
올레,코미디
올빼미,스릴러
와니와 준하,드라마
와이키키 브라더스,드라마
왓츠 러브,멜로/로맨스
왓츠 러브,드라마
왓츠 러브,코미디
왕십리 김종분,다큐멘터리
왕의 남자,드라마
외계+인,액션
외계+인,판타지
외계+인,SF
외계+인 1부,액션
외계+인 1부,판타지
외계+인 1부,SF
외계+인 2부,기타
요가학원 : 죽음의 쿤달리니,공포(호러)
요요현상,다큐멘터리
요정,드라마
용감한 시민,액션
용감한 시민,드라마
용루각2: 신들의 밤,액션
용루각2: 신들의 밤,미스터리
용루각2: 신들의 밤,스릴러
용루각: 비정도시,액션
용순,드라마
우나기,드라마
우리 돈 벌레,코미디
우리 사랑이 향기로 남을 때,멜로/로맨스
우리 사랑이 향기로 남을 때,코미디
우리 사랑이 향기로 남을 때,드라마
우리 선희,드라마
우리 손자 베스트,코미디
우리 안의 그들,기타
우리는 그곳에 있었다,다큐멘터리
우리는 그곳에 있었다,어드벤처
우리는 매일매일,다큐멘터리
우리는 이별에 서툴러서,드라마
우리는 이별에 서툴러서,판타지
우리는 천국에 갈 순 없지만 사랑은 할 수 있겠지,드라마
우리들,드라마
우리를 갈라놓는 것들,다큐멘터리
우리에게 내일은 없다,드라마
우리와 상관없이,드라마
우리의 하루,드라마
우리집,드라마
우리집,가족
우묵배미의 사랑,멜로/로맨스
우상,스릴러
우수,드라마
우아한 거짓말,드라마
우작,드라마
우키시마호,다큐멘터리
울림의 탄생,다큐멘터리
울산의 별,드라마
울지마 톤즈 2 : 슈크란 바바,다큐멘터리
"울지마, 톤즈",다큐멘터리
웃는남자 감독판,공연
웅남이,코미디
웅남이,액션
워낭소리,다큐멘터리
워킹 스트리트,드라마
원 안에 사람들,드라마
원더랜드,드라마
원더풀 고스트,코미디
원더풀 고스트,드라마
원더풀 고스트,범죄
원더풀 데이즈,애니메이션
원더풀 데이즈,액션
원정빌라,공포(호러)
원정빌라,스릴러
월드 워 Z,드라마
월드 워 Z,스릴러
월드 워 Z,SF
월드 워 Z,액션
월드 워 Z,어드벤처
월성,다큐멘터리
웨일 라이더,드라마
웨일 라이더,가족
웰컴 투 X-월드,다큐멘터리
웰컴 투 동막골,전쟁
웰컴 투 동막골,드라마
"위대한 계약: 파주, 책, 도시",다큐멘터리
위로공단,다큐멘터리
위켄즈,다큐멘터리
유공자,드라마
유공자,코미디
유령,드라마
유령,액션
유령선,다큐멘터리
유리정원,미스터리
유리정원,드라마
유열의 음악앨범,멜로/로맨스
유열의 음악앨범,드라마
유체이탈자,판타지
유체이탈자,액션
유포자들,범죄
유포자들,드라마
유포자들,스릴러
육사오(6/45),코미디
윤시내가 사라졌다,드라마
윤희에게,멜로/로맨스
은밀하게 위대하게,액션
은밀하게 위대하게,코미디
은밀하게 위대하게,드라마
은밀한 스와핑,멜로/로맨스
은밀한 스와핑,드라마
은빛살구,드라마
은지: 돌이킬 수 없는 그녀,미스터리
은지: 돌이킬 수 없는 그녀,스릴러
은하수,드라마
음란주택:노예가 된 아내,드라마
이 안에 외계인이 있다,코미디
이 안에 외계인이 있다,SF
이공삼칠,가족
이공삼칠,드라마
이레이저 헤드,공포(호러)
이레이저 헤드,판타지
이레이저 헤드,드라마
이번엔 잘 되겠지,코미디
이별식당,뮤지컬
이별식당,드라마
이별식당,멜로/로맨스
"이별유예, 일주일",드라마
"이별유예, 일주일",판타지
이별의 목적,멜로/로맨스
이보다 더 좋을 순 없다,코미디
이보다 더 좋을 순 없다,드라마
이보다 더 좋을 순 없다,멜로/로맨스
이브들의 발칙한 수다,멜로/로맨스
이브들의 발칙한 수다,코미디
이상존재,공포(호러)
이상한 나라의 수학자,드라마
이웃사촌,드라마
이웃사촌,코미디
이월,드라마
이장,드라마
이장,가족
이장,코미디
이장,판타지
이타미 준의 바다,다큐멘터리
이태석,다큐멘터리
이태원,다큐멘터리
이터널 선샤인,멜로/로맨스
이프 온리,멜로/로맨스
이프 온리,판타지
익스트림 페스티벌,코미디
익스트림 페스티벌,드라마
인드림,액션
인드림,스릴러
인민을 위해 복무하라,멜로/로맨스
인민을 위해 복무하라,드라마
인사이드 아웃 2,애니메이션
인생게임,드라마
인생은 뷰티풀: 비타돌체,다큐멘터리
인생은 뷰티풀: 비타돌체,공연
인생은 아름다워,뮤지컬
인셉션,드라마
인셉션,미스터리
인싸,액션
인싸,코미디
인어; 바다를 부른 여인,멜로/로맨스
인연을 긋다,드라마
인정사정 볼 것 없다,액션
인질,액션
인질,스릴러
인천상륙작전,전쟁
인천상륙작전,드라마
인천상륙작전 : 익스텐디드 에디션(확장판),전쟁
인천상륙작전 : 익스텐디드 에디션(확장판),드라마
인천스텔라,SF
인천스텔라,가족
인천스텔라,멜로/로맨스
인크레더블,애니메이션
인트로덕션,기타
인플루언서,다큐멘터리
인플루엔자,드라마
일 포스티노,드라마
일 포스티노,코미디
일 포스티노,멜로/로맨스
일반인 초대녀,멜로/로맨스
일반인 초대녀,드라마
일진 3,액션
잃어버린 얼굴 1895,뮤지컬
잃어버린 얼굴 1895,공연
임신한 나무와 도깨비,드라마
임신한 나무와 도깨비,판타지
임영웅│아임 히어로 더 스타디움,공연
임영웅│아임 히어로 더 스타디움,다큐멘터리
잉글리쉬 페이션트,멜로/로맨스
잉글리쉬 페이션트,드라마
잉글리쉬 페이션트,전쟁
잉투기,액션
잉투기,드라마
잊지 않았어요,기타
자기만의 방,가족
자기만의 방,드라마
자기만의 방,코미디
자기만의 방,멜로/로맨스
자녀목,사극
자백,범죄
자백,스릴러
자백,다큐멘터리
자산어보,사극
자산어보,드라마
자유의 언덕,드라마
작별,다큐멘터리
작은 빛,드라마
작은 빛,가족
작은새와 돼지씨,다큐멘터리
작은연못,다큐멘터리
잔고: 분노의 적자,서부극(웨스턴)
잔고: 분노의 적자,코미디
잔고: 분노의 적자,액션
잔칫날,드라마
잔칫날,가족
잠,미스터리
잠 못 드는 밤,드라마
잠자리 구하기,다큐멘터리
장기자랑,다큐멘터리
장르만 로맨스,드라마
장르만 로맨스,코미디
장마,드라마
장마,다큐멘터리
장사리 : 잊혀진 영웅들,전쟁
장손,가족
장손,미스터리
장손,드라마
장수상회,멜로/로맨스
장수상회,드라마
장인과 사위,코미디
장인과 사위,드라마
"장화, 홍련",공포(호러)
재꽃,드라마
재춘언니,다큐멘터리
재혼의 기술,멜로/로맨스
재혼의 기술,코미디
저 산 너머,드라마
저승보다 낯선,드라마
전야,액션
전야,범죄
전주에서 길을 묻다,드라마
전투왕,다큐멘터리
절해고도,드라마
젊은 남자,드라마
젊은이의 양지,드라마
점박이 한반도의 공룡2 : 새로운 낙원,애니메이션
정,드라마
정,멜로/로맨스
정국: 아이 엠 스틸,공연
정동원 성탄총동원 더 무비,공연
정말 먼 곳,드라마
정브르의 동물일기,다큐멘터리
정순,드라마
정의심판,드라마
정직한 사람들,드라마
정직한 후보,코미디
정직한 후보2,코미디
제3한강교,드라마
제3한강교,멜로/로맨스
제8일의 밤,미스터리
제8일의 밤,스릴러
제국,사극
제국,드라마
"제니, 주노",드라마
제리 맥과이어,드라마
제리 맥과이어,코미디
제보자,드라마
제비,드라마
제시는 그때 스무살이었다,드라마
제이홉 인 더 박스,다큐멘터리
제인의 썸머,멜로/로맨스
젠틀맨,범죄
조금만 더 가까이,멜로/로맨스
조금만 더 가까이,드라마
조디악,범죄
조디악,드라마
조디악,스릴러
조류인간,드라마
조선인 여공의 노래,다큐멘터리
조작된 도시,범죄
조작된 도시,액션
조제,멜로/로맨스
조제,드라마
"조제, 호랑이 그리고 물고기들",드라마
조폭인 내가 고등학생이 되었습니다,판타지
조폭인 내가 고등학생이 되었습니다,드라마
족구왕,코미디
족구왕,멜로/로맨스
족구왕,드라마
존경하고 사랑하는 국민여러분,다큐멘터리
졸업,드라마
졸업,코미디
졸업,다큐멘터리
좀비스쿨,공포(호러)
좀비스쿨,액션
좀비크러쉬: 헤이리,코미디
좀비크러쉬: 헤이리,액션
좀비파이터,공포(호러)
좀비파이터,액션
좀비파이터,드라마
좀비파이터,가족
종로3가역2번출구,드라마
종이꽃,드라마
종착역,드라마
좋.댓.구,코미디
좋아해줘,멜로/로맨스
좋아해줘,코미디
좋은 사람,미스터리
좋은 여자,드라마
죄 많은 소녀,드라마
죄 많은 소녀,미스터리
주연,드라마
주연,미스터리
주홍글씨,스릴러
주홍글씨,멜로/로맨스
죽거나 혹은 나쁘거나,드라마
죽거나 혹은 나쁘거나,액션
죽도 서핑 다이어리,드라마
죽어도 좋은 경험: 천사여 악녀가 되라,드라마
죽어도 좋은 경험: 천사여 악녀가 되라,미스터리
죽여주는 여자,드라마
죽은 시인의 사회,드라마
죽이러 간다,드라마
죽지않는 인간들의 밤,코미디
죽지않는 인간들의 밤,스릴러
줄탁동시,드라마
중경삼림,드라마
중원의 백일홍,액션
쥬라기캅스 극장판: 공룡시대 대모험,애니메이션
쥬라기캅스 극장판: 전설의 고대생물을 찾아라,애니메이션
쥴 앤 짐,드라마
쥴 앤 짐,멜로/로맨스
증발,다큐멘터리
증인,드라마
지구를 지켜라,코미디
지금 이순간,드라마
"지금, 만나러 갑니다",드라마
"지금, 만나러 갑니다",멜로/로맨스
"지금, 만나러 갑니다",판타지
"지금, 이대로가 좋아요",드라마
지금은맞고그때는틀리다,드라마
지난 여름,다큐멘터리
지난 여름,드라마
지슬 - 끝나지 않은 세월2,드라마
지옥만세,어드벤처
지옥만세,드라마
지옥만세,코미디
지푸라기라도 잡고 싶은 짐승들,스릴러
지푸라기라도 잡고 싶은 짐승들,범죄
진주 귀걸이를 한 소녀,드라마
진주 귀걸이를 한 소녀,멜로/로맨스
진주의 진주,드라마
집 이야기,드라마
집으로 가는 길,드라마
집으로...,드라마
짬뽕비권,액션
짬뽕비권,코미디
차박- 살인과 낭만의 밤,스릴러
착신아리,공포(호러)
찬란한 나의 복수,드라마
찬실이는 복도 많지,드라마
찬실이는 복도 많지,멜로/로맨스
찬실이는 복도 많지,판타지
창궐,사극
창궐,액션
창밖은 겨울,드라마
창밖은 겨울,멜로/로맨스
창은,드라마
채비,드라마
채식주의자,드라마
처와 처,드라마
처와 처,멜로/로맨스
천녀유혼,공포(호러)
천녀유혼,드라마
천녀유혼,판타지
천년학,드라마
천문: 하늘에 묻는다,사극
천박사 퇴마 연구소: 설경의 비밀,판타지
천박사 퇴마 연구소: 설경의 비밀,액션
천사는 바이러스,드라마
천화,드라마
철원기행,드라마
첫번째 아이,드라마
첫사랑,성인물(에로)
청설,드라마
청설,멜로/로맨스
청춘빌라 살인사건,코미디
청춘빌라 살인사건,범죄
청춘빌라 살인사건,드라마
청춘선거,다큐멘터리
청포도 사탕: 17년 전의 약속,드라마
청포도 사탕: 17년 전의 약속,미스터리
체리 향기,드라마
초록물고기,드라마
초록물고기,멜로/로맨스
초록물고기,액션
초록밤,기타
초미의 관심사,드라마
초행,드라마
총을 들지 않는 사람들: 금기에 도전,다큐멘터리
최면,공포(호러)
최면,스릴러
최선의 삶,드라마
최소한의 선의,드라마
최악의 하루,멜로/로맨스
최종병기 활,사극
최종병기 활,액션
추억의 검정고무신,애니메이션
축복의 집,가족
축복의 집,드라마
춘몽,드라마
"춘천, 춘천",드라마
춘천대첩 72시간,다큐멘터리
춘희막이,다큐멘터리
출동! 시크릿 보틀 수호대,애니메이션
취화선,드라마
취화선,사극
치악산,공포(호러)
치악산,미스터리
친구여 조용히 가다오,드라마
친절한 금자씨,스릴러
칠검,액션
칠곡 가시나들,다큐멘터리
칠소여복성,액션
침입자,미스터리
침입자,스릴러
카리스마 탈출기,코미디
카브리올레,드라마
카사블랑카,드라마
카사블랑카,멜로/로맨스
카사블랑카,전쟁
카센타,범죄
카센타,코미디
카시오페아,드라마
카운트,드라마
카인의 도시,드라마
카트,드라마
카페 느와르,드라마
카페 느와르,멜로/로맨스
카페 뤼미에르,드라마
캐논볼,드라마
캐논볼,가족
캐리 러브콘서트 케이팝,공연
캐리 러브콘서트 케이팝,뮤지컬
캐리와 슈퍼콜라,애니메이션
컨버세이션,기타
컴백홈,드라마
컴백홈,코미디
코리도라스,다큐멘터리
코리아,드라마
콘돌은 날아간다,드라마
콘서트를 지켜라,공연
콘크리트 유토피아,드라마
콘크리트 유토피아,기타
콜링 인 러브,멜로/로맨스
콜링 인 러브,코미디
퀴어 마이 프렌즈,다큐멘터리
퀴어 마이 프렌즈,드라마
퀴어 마이 프렌즈,가족
크게 될 놈,드라마
크루아상,드라마
크리스마스 캐럴,드라마
크리스마스 캐럴,액션
큰엄마의 미친봉고,코미디
클라이밍,애니메이션
클래식,드라마
클레어의 카메라,드라마
클로저,멜로/로맨스
클로저,드라마
클로젯,미스터리
클로젯,드라마
클리포드 더 빅 레드 독,어드벤처
클리포드 더 빅 레드 독,드라마
클리포드 더 빅 레드 독,가족
키카,드라마
키카,코미디
킬 빌2,액션
킬러들의 수다,코미디
킬링 로맨스,코미디
킹덤 2,공포(호러)
킹덤 2,드라마
킹덤 2,미스터리
킹덤 2,코미디
킹메이커,드라마
타겟,스릴러
타다: 대한민국 스타트업의 초상,다큐멘터리
타락천사,드라마
타이거마스크,코미디
타이거마스크,액션
타이타닉,드라마
타이타닉,멜로/로맨스
타이타닉,액션
타이탄,액션
타이탄,어드벤처
타이탄,판타지
타짜,드라마
타짜: 원 아이드 잭,범죄
타짜: 원 아이드 잭,드라마
탄생,드라마
탈주,액션
탈출,드라마
탈출: 프로젝트 사일런스,스릴러
탐욕의 제국,다큐멘터리
탑,드라마
태극기 휘날리며,전쟁
태극기 휘날리며,드라마
태백권,코미디
태백권,가족
태백권,액션
태양은 없다,드라마
태양은 없다,액션
태어나길 잘했어,드라마
태일이,애니메이션
택시운전사,드라마
터널,드라마
턴: 더 스트릿,드라마
턴: 더 스트릿,멜로/로맨스
테우리,드라마
테이블 매너,드라마
테이크 오프: 파도위에 서다,드라마
텔미썸딩,스릴러
텔미썸딩,미스터리
토이 솔져스: 가짜사나이2 더 컴플리트,다큐멘터리
통영에서의 하루,드라마
투 올드 힙합 키드,다큐멘터리
투란도트 어둠의 왕국,뮤지컬
튜브펫주식회사,드라마
튜브펫주식회사,코미디
튜브펫주식회사,멜로/로맨스
튜브펫주식회사,가족
튤립 모양,드라마
튤립 모양,멜로/로맨스
트랜스,SF
트랜스,스릴러
트랜스,판타지
트랜스,미스터리
트랜스포머,SF
트랜스포머,액션
트랜스포머,어드벤처
트랜스포머: 비스트의 서막,액션
트랜스포터-라스트 미션,액션
트로이 디렉터스 컷,전쟁
트로이 디렉터스 컷,액션
트로이 디렉터스 컷,드라마
트로트는 인생이다,코미디
트루먼 쇼,드라마
트루먼 쇼,코미디
트루먼 쇼,판타지
트웬티 해커,액션
트웬티 해커,드라마
트윈 픽스,미스터리
트윈 픽스,드라마
특송,범죄
특송,액션
티빙 오리지널 운수 오진 날,스릴러
티빙 오리지널 운수 오진 날,공포(호러)
파도를 걷는 소년,드라마
파란입이 달린 얼굴,드라마
파로호,스릴러
파리의 여인,드라마
파묘,미스터리
파묘,공포(호러)
파밍 보이즈,다큐멘터리
파수꾼,드라마
파업전야,드라마
파이란,드라마
파이터,드라마
파이트 클럽,액션
파이트 클럽,범죄
파이트 클럽,드라마
파이트 클럽,스릴러
파이프라인,범죄
파일럿,코미디
파주,드라마
파주,멜로/로맨스
판문점,다큐멘터리
판소리 복서,코미디
판소리 복서,드라마
팡파레,드라마
팡파레,스릴러
팡파레,범죄
패션 오브 크라이스트,드라마
팬텀: 더 뮤지컬 라이브,뮤지컬
팬텀: 더 뮤지컬 라이브,공연
퍼니게임,공포(호러)
퍼니게임,드라마
퍼니게임,스릴러
퍼펙트 게임,드라마
퍼펙트맨,코미디
퍼펙트맨,드라마
퍼피 구조대: 더 마이티 무비,애니메이션
퍼피 구조대: 더 마이티 무비,어드벤처
펀치 드렁크 러브,멜로/로맨스
펀치 드렁크 러브,코미디
페이퍼맨,드라마
페임,뮤지컬
페임,드라마
평평남녀,드라마
평평남녀,멜로/로맨스
포겟 미 낫-엄마에게 쓰는 편지,다큐멘터리
포레스트 검프,드라마
포레스트 검프,코미디
폭로,범죄
폭로,스릴러
폭설,드라마
폭주기관차,액션
폰,공포(호러)
폴란드로 간 아이들,다큐멘터리
폴란드로 간 아이들,드라마
풀잎들,드라마
풍기,코미디
프랑스여자,드라마
프레디의 피자가게,공포(호러)
프레디의 피자가게,스릴러
프롬 파리 위드 러브,액션
프롬 파리 위드 러브,스릴러
프롬 파리 위드 러브,범죄
프리즈너,액션
프리즌,범죄
프리즌,액션
프린세스 아야,판타지
프린세스 아야,뮤지컬
플란다스의 개,드라마
플란다스의 개,코미디
플레이,드라마
피는 물보다 진하다,액션
피닉스,액션
피부색깔=꿀색,애니메이션
피부색깔=꿀색,다큐멘터리
피어썸,공포(호러)
피어썸,미스터리
피원에이치 : 새로운 세계의 시작,드라마
피원에이치 : 새로운 세계의 시작,SF
피의 연대기,다큐멘터리
피치 오브 타임 극장판,멜로/로맨스
피치 오브 타임 극장판,드라마
픽션들,드라마
필사의 추격,코미디
필사의 추격,액션
핑크퐁 시네마 콘서트 2: 원더스타 콘서트 대작전,애니메이션
핑크퐁 시네마 콘서트 : 우주대탐험,애니메이션
핑크퐁 시네마 콘서트3 : 진저브레드맨을 잡아라,애니메이션
하나 그리고 둘,드라마
하나 그리고 둘,가족
하나와 앨리스,드라마
하녀,스릴러
하녀,멜로/로맨스
하녀엄마,성인물(에로)
하녀엄마 : 끝없는 정사,성인물(에로)
하녀엄마 : 끝없는 정사,멜로/로맨스
하늘의 황금마차,드라마
하로동선,드라마
하얀리본,드라마
하얀리본,미스터리
하얼빈,드라마
하와이 연가,드라마
하우치,멜로/로맨스
하우치,드라마
하워즈 엔드,드라마
하워즈 엔드,멜로/로맨스
"하이라이트: 라이츠 고 온, 어게인 인 시네마",공연
하이재킹,범죄
하이재킹,액션
하이힐,범죄
하이힐,액션
하트,드라마
하트,멜로/로맨스
하트 비트,드라마
하트 비트,멜로/로맨스
하하하,드라마
하하하,멜로/로맨스
학교 가는 길,다큐멘터리
한 밤의 판타지아,드라마
한 채,드라마
한경직,다큐멘터리
한공주,드라마
한국이 싫어서,드라마
한낮의 피크닉,드라마
한산 리덕스,액션
한산 리덕스,드라마
한산: 용의 출현,액션
한산: 용의 출현,드라마
한여름의 판타지아,드라마
한창나이 선녀님,다큐멘터리
할매꽃,다큐멘터리
할머니의 먼 집,다큐멘터리
핫 블러드,액션
항거:유관순 이야기,드라마
해리 포터와 불사조 기사단,판타지
해리 포터와 불사조 기사단,액션
해리 포터와 불사조 기사단,어드벤처
해리 포터와 불의 잔,액션
해리 포터와 불의 잔,판타지
해리 포터와 혼혈 왕자,어드벤처
해리 포터와 혼혈 왕자,액션
해리 포터와 혼혈 왕자,가족
해리가 샐리를 만났을 때,코미디
해리가 샐리를 만났을 때,드라마
해리가 샐리를 만났을 때,멜로/로맨스
해리포터와 아즈카반의 죄수,드라마
해바라기,액션
해바라기,드라마
해빙,스릴러
해야 할 일,드라마
해운대,액션
해운대,드라마
해운대,어드벤처
해적: 도깨비 깃발,어드벤처
해적: 도깨비 깃발,액션
해적: 도깨비 깃발,코미디
해치지않아,코미디
해피 뉴 이어,멜로/로맨스
해피 뉴 이어,드라마
해피메리엔딩,멜로/로맨스
해피메리엔딩,드라마
해피엔딩,성인물(에로)
핸드폰,스릴러
핸섬가이즈,코미디
핸썸,코미디
행동하는 양심 김대중,다큐멘터리
행복을 찾아서,드라마
행복을 찾아서,가족
행복의 나라,드라마
행복의 속도,다큐멘터리
허스토리,드라마
"허황옥 3일, 잃어버린 2천 년의 기억",다큐멘터리
헌트,액션
헌트,드라마
헌티드,액션
헝거,SF
헝거,드라마
헤로니모,다큐멘터리
헤어질 결심,미스터리
헤어질 결심,멜로/로맨스
현기증,가족
현기증,드라마
협상,범죄
혜옥이,드라마
호랑이보다 무서운 겨울손님,멜로/로맨스
호랑이보다 무서운 겨울손님,드라마
호우시절,멜로/로맨스
호텔 레이크,공포(호러)
호흡,드라마
혼 : 공포의 시작,공포(호러)
혼자,스릴러
혼자 사는 사람들,드라마
홈,가족
홈,드라마
홈리스,드라마
홈리스,가족
화녀,스릴러
화녀,스릴러
화녀,멜로/로맨스
화란,드라마
화사한 그녀,코미디
화이: 괴물을 삼킨 아이,액션
화이: 괴물을 삼킨 아이,스릴러
화이트데이: 부서진 결계,공포(호러)
환상속의 그대,멜로/로맨스
환상속의 그대,드라마
환상속의 그대,판타지
환절기,드라마
황금광 시대,어드벤처
황금광 시대,코미디
황금광 시대,가족
황무지 5월의 고해,드라마
황산벌,코미디
회오리 바람,드라마
회오리 바람,멜로/로맨스
효자,코미디
효자,공포(호러)
후쿠오카,드라마
후회하지 않아,드라마
후회하지 않아,멜로/로맨스
휴가,드라마
휴가,가족
휴가,드라마
흉터,드라마
흐르다,드라마
흩어진 밤,드라마
희망의 요소,멜로/로맨스
희생,드라마
희수,드라마
히든,액션
히든,드라마
히든페이스,스릴러
히트,액션
히트,범죄
히트,드라마
히트,스릴러
히트맨,코미디
히트맨,액션
"힘을 내요, 미스터 리",코미디
"힘을 내요, 미스터 리",드라마
힘을 낼 시간,드라마
